s:STATE_MINSK,cu:russian cu:byelorussian
s:STATE_LOUISIANA,cu:dixie cu:afro_american cu:cajun cu:afro_antillean
s:STATE_NEW_YORK,cu:yankee cu:iroquoian
s:STATE_VIRGINIA,cu:dixie
s:STATE_LOWER_EGYPT,cu:misri
s:STATE_HOME_COUNTIES,cu:british
s:STATE_LANCASHIRE,cu:british
s:STATE_PROVENCE,cu:french cu:occitan
s:STATE_NORMANDY,cu:french
s:STATE_ANDALUSIA,cu:spanish
s:STATE_HOLLAND,cu:dutch
s:STATE_BALUCHISTAN,cu:baluchi cu:pashtun
s:STATE_SOUTH_BENGAL,cu:bengali
s:STATE_DOBRUDJA,cu:bulgarian cu:romanian cu:turkish
s:STATE_BASRA,cu:mashriqi cu:bedouin
s:STATE_EASTERN_THRACE,cu:greek cu:turkish
s:STATE_MEKONG,cu:vietnamese cu:khmer
s:STATE_SHANDONG,cu:han
s:STATE_SUZHOU,cu:han
s:STATE_ROSTOV,cu:ukrainian cu:russian
s:STATE_VENETIA,cu:north_italian
s:STATE_POMERANIA,cu:north_german
s:STATE_INGRIA,cu:russian
s:STATE_ALASKA,cu:inuit cu:salish cu:athabaskan
s:STATE_WASHINGTON,cu:yankee cu:nez_perce cu:salish
s:STATE_OREGON,cu:yankee cu:salish cu:nez_perce
s:STATE_IDAHO,cu:yankee cu:nez_perce cu:paiute
s:STATE_COLORADO,cu:yankee cu:siouan cu:paiute
s:STATE_WYOMING,cu:yankee cu:siouan cu:paiute
s:STATE_MONTANA,cu:yankee cu:dakota cu:siouan
s:STATE_NORTH_DAKOTA,cu:yankee cu:dakota
s:STATE_SOUTH_DAKOTA,cu:yankee cu:dakota
s:STATE_NEBRASKA,cu:yankee cu:dakota
s:STATE_KANSAS,cu:yankee cu:siouan
s:STATE_OKLAHOMA,cu:yankee cu:cherokee cu:siouan
s:STATE_ARKANSAS,cu:dixie cu:cherokee cu:cajun
s:STATE_MISSOURI,cu:dixie cu:yankee cu:cajun
s:STATE_IOWA,cu:yankee cu:dakota
s:STATE_MINNESOTA,cu:yankee cu:dakota cu:algonquian
s:STATE_WISCONSIN,cu:yankee cu:dakota cu:algonquian
s:STATE_INDIANA,cu:yankee
s:STATE_MICHIGAN,cu:yankee cu:algonquian
s:STATE_OHIO,cu:yankee
s:STATE_KENTUCKY,cu:dixie cu:yankee
s:STATE_TENNESSEE,cu:dixie cu:yankee
s:STATE_MISSISSIPPI,cu:dixie cu:afro_american
s:STATE_ALABAMA,cu:dixie cu:afro_american cu:caddoan
s:STATE_FLORIDA,cu:dixie cu:afro_american cu:caddoan
s:STATE_GEORGIA,cu:dixie cu:afro_american
s:STATE_DISTRICT_OF_COLUMBIA,cu:dixie
s:STATE_WEST_VIRGINIA,cu:dixie
s:STATE_MARYLAND,cu:dixie
s:STATE_DELAWARE,cu:dixie
s:STATE_PENNSYLVANIA,cu:yankee
s:STATE_NEW_JERSEY,cu:yankee
s:STATE_ILLINOIS,cu:yankee
s:STATE_CONNECTICUT,cu:yankee
s:STATE_RHODE_ISLAND,cu:yankee
s:STATE_MASSACHUSETTS,cu:yankee
s:STATE_VERMONT,cu:yankee
s:STATE_NEW_HAMPSHIRE,cu:yankee
s:STATE_MAINE,cu:yankee
s:STATE_NORTH_CAROLINA,cu:dixie
s:STATE_TEXAS,cu:dixie cu:afro_american cu:mexican cu:comanche
s:STATE_YUKON_TERRITORY,cu:anglo_canadian cu:athabaskan
s:STATE_NORTHWEST_TERRITORIES,cu:anglo_canadian cu:athabaskan
s:STATE_NUNAVUT,cu:inuit cu:anglo_canadian
s:STATE_BRITISH_COLUMBIA,cu:anglo_canadian cu:athabaskan cu:salish
s:STATE_ALBERTA,cu:cree cu:metis cu:anglo_canadian cu:athabaskan
s:STATE_SASKATCHEWAN,cu:cree cu:metis cu:anglo_canadian cu:athabaskan
s:STATE_MANITOBA,cu:metis cu:anglo_canadian
s:STATE_ONTARIO,"cu:anglo_canadian, cu:iroquoian cu:algonquian"
s:STATE_QUEBEC,cu:franco_canadian
s:STATE_NEWFOUNDLAND,cu:anglo_canadian
s:STATE_GUATEMALA,cu:mayan cu:central_american
s:STATE_HONDURAS,cu:central_american
s:STATE_NICARAGUA,cu:central_american cu:miskito
s:STATE_COSTA_RICA,cu:central_american
s:STATE_PANAMA,cu:central_american cu:afro_caribeno
s:STATE_CUBA,cu:caribeno
s:STATE_URUGUAY,cu:platinean
s:STATE_ECUADOR,cu:north_andean cu:quechua
s:STATE_SANTO_DOMINGO,cu:afro_caribeno cu:caribeno
s:STATE_HAITI,cu:afro_antillean
s:STATE_GOTLAND,cu:swedish
s:STATE_GOTALAND,cu:swedish
s:STATE_SCANIA,cu:swedish
s:STATE_NORRLAND,cu:swedish cu:sami
s:STATE_SVEALAND,cu:swedish
s:STATE_SICILY,cu:south_italian
s:STATE_IONIAN_ISLANDS,cu:greek
s:STATE_PELOPONNESE,cu:greek
s:STATE_ALBANIA,cu:albanian
s:STATE_BOSNIA,cu:bosniak cu:serb cu:croat
s:STATE_SOUTHERN_TRANSYLVANIA,cu:hungarian cu:romanian
s:STATE_HAWAIIAN_ISLANDS,cu:hawaiian
s:STATE_NORTHERN_TRANSYLVANIA,cu:hungarian cu:romanian
s:STATE_MOLDAVIA,cu:romanian
s:STATE_WALLACHIA,cu:romanian
s:STATE_GALICIA,cu:spanish cu:galician
s:STATE_ASTURIAS,cu:spanish
s:STATE_CASTILE,cu:spanish
s:STATE_ARAGON,cu:spanish
s:STATE_NAVARRA,cu:spanish cu:basque
s:STATE_CATALONIA,cu:spanish cu:catalan
s:STATE_BALEARES,cu:spanish cu:catalan
s:STATE_NEW_SOUTH_WALES,cu:australian cu:aborigine
s:STATE_VICTORIA,cu:australian cu:aborigine
s:STATE_TASMANIA,cu:australian cu:aborigine
s:STATE_QUEENSLAND,cu:australian cu:aborigine
s:STATE_SOUTH_AUSTRALIA,cu:australian cu:aborigine
s:STATE_WESTERN_AUSTRALIA,cu:australian cu:aborigine
s:STATE_NORTHERN_TERRITORY,cu:australian cu:aborigine
s:STATE_NORTH_ISLAND,cu:australian cu:maori
s:STATE_SOUTH_ISLAND,cu:australian cu:maori
s:STATE_EAST_MICRONESIA,cu:micronesian
s:STATE_WEST_MICRONESIA,cu:micronesian
s:STATE_WEST_JAVA,cu:javan
s:STATE_EAST_JAVA,cu:javan
s:STATE_CENTRAL_JAVA,cu:javan
s:STATE_CEYLON,cu:tamil cu:sinhala
s:STATE_URGA,cu:mongol
s:STATE_ULIASTAI,cu:mongol
s:STATE_OMAN,cu:bedouin
s:STATE_ABU_DHABI,cu:bedouin
s:STATE_YEMEN,cu:bedouin cu:yemenite
s:STATE_HEDJAZ,cu:bedouin
s:STATE_TUNISIA,cu:maghrebi cu:berber
s:STATE_GUINEA,cu:fulbe cu:mande cu:dyula cu:kissi
s:STATE_GHANA,cu:akan cu:mossi cu:ewe
s:STATE_TOGO,cu:ewe cu:akan cu:fon cu:mossi
s:STATE_DAHOMEY,cu:fon cu:yoruba cu:fulbe cu:akan cu:songhai
s:STATE_GABON,cu:fang cu:equatorial_bantu cu:bakongo
s:STATE_BOTSWANA,cu:tswana cu:herero cu:khoisan cu:nguni
s:STATE_ZAMBIA,cu:kavango_bantu cu:lunda cu:chewa
s:STATE_CAMBODIA,cu:khmer
s:STATE_SAVOY,cu:north_italian cu:french cu:francoprovencal
s:STATE_LIBERIA,cu:mande cu:kru cu:bassa cu:kissi cu:afro_american
s:STATE_EMILIA,cu:north_italian
s:STATE_TUSCANY,cu:north_italian
s:STATE_ROMAGNA,cu:north_italian
s:STATE_LAZIO,cu:south_italian
s:STATE_NEVADA,cu:yankee cu:paiute
s:STATE_ARIZONA,cu:yankee cu:navajo cu:apache cu:pueblo
s:STATE_NEW_MEXICO,cu:yankee cu:navajo cu:mexican cu:pueblo cu:comanche cu:apache
s:STATE_CALIFORNIA,cu:yankee cu:hokan
s:STATE_SONORA,cu:mexican cu:oodham
s:STATE_CHIHUAHUA,cu:mexican cu:oodham cu:apache
s:STATE_RIO_GRANDE,cu:mexican
s:STATE_DURANGO,cu:mexican
s:STATE_SINALOA,cu:mexican
s:STATE_BAJIO,cu:nahua cu:mexican
s:STATE_YUCATAN,cu:mexican cu:mayan
s:STATE_MEXICO,cu:mexican cu:nahua cu:zapotec cu:mixtec
s:STATE_VERACRUZ,cu:mexican cu:nahua
s:STATE_GUERRERO,cu:mexican cu:nahua cu:zapotec
s:STATE_OAXACA,cu:mexican cu:zapotec cu:mixtec
s:STATE_JALISCO,cu:mexican
s:STATE_ZACATECAS,cu:mexican cu:nahua
s:STATE_GUAYANA,cu:amazonian cu:afro_antillean cu:afro_caribbean
s:STATE_ZULIA,cu:north_andean cu:afro_caribeno cu:guajiro cu:cariban
s:STATE_MIRANDA,cu:north_andean cu:afro_caribeno cu:cariban
s:STATE_BOLIVAR,cu:north_andean cu:afro_caribeno cu:amazonian cu:cariban
s:STATE_ANTIOQUIA,cu:north_andean cu:afro_caribeno cu:guajiro cu:cariban
s:STATE_GUAVIARE,cu:north_andean cu:afro_caribeno cu:amazonian
s:STATE_CUNDINAMARCA,cu:north_andean cu:afro_caribeno cu:muisca
s:STATE_CAUCA,cu:north_andean cu:afro_caribeno cu:quechua
s:STATE_PASTAZA,cu:amazonian
s:STATE_CAJAMARCA,cu:south_andean cu:quechua
s:STATE_LIMA,cu:south_andean cu:quechua
s:STATE_ICA,cu:south_andean cu:quechua
s:STATE_AREQUIPA,cu:south_andean cu:quechua cu:aimara
s:STATE_PARA,cu:brazilian cu:amazonic cu:amazonian cu:afro_brazilian
s:STATE_MARANHAO,cu:brazilian cu:amazonic cu:nordestino cu:afro_brazilian cu:tupinamba
s:STATE_AMAZONAS,cu:amazonian
s:STATE_ACRE,cu:amazonian
s:STATE_GOIAS,cu:brazilian cu:nordestino cu:afro_brazilian cu:tupinamba
s:STATE_MATO_GROSSO,cu:brazilian cu:paulista cu:amazonian cu:guarani
s:STATE_RIO_GRANDE_DO_SUL,cu:brazilian cu:sulista cu:afro_brazilian cu:guarani
s:STATE_PARANA,cu:brazilian cu:paulista cu:sulista cu:guarani
s:STATE_SANTA_CATARINA,cu:brazilian cu:sulista cu:guarani
s:STATE_SAO_PAULO,cu:brazilian cu:paulista cu:afro_brazilian
s:STATE_MINAS_GERAIS,cu:brazilian cu:afro_brazilian
s:STATE_RIO_DE_JANEIRO,cu:brazilian cu:afro_brazilian
s:STATE_BAHIA,cu:brazilian cu:nordestino cu:afro_brazilian cu:tupinamba
s:STATE_RIO_GRANDE_DO_NORTE,cu:brazilian cu:nordestino cu:afro_brazilian cu:tupinamba
s:STATE_CEARA,cu:brazilian cu:nordestino cu:afro_brazilian cu:tupinamba
s:STATE_PIAUI,cu:brazilian cu:nordestino cu:afro_brazilian cu:tupinamba
s:STATE_PERNAMBUCO,cu:brazilian cu:nordestino cu:afro_brazilian
s:STATE_PARAIBA,cu:brazilian cu:nordestino cu:afro_brazilian
s:STATE_ALTO_PARAGUAY,cu:platinean cu:guarani
s:STATE_BAJO_PARAGUAY,cu:platinean cu:guarani
s:STATE_BUENOS_AIRES,cu:platinean cu:patagonian
s:STATE_PATAGONIA,cu:patagonian
s:STATE_RIO_NEGRO,cu:platinean cu:patagonian
s:STATE_LA_PAMPA,cu:platinean cu:patagonian
s:STATE_SANTA_FE,cu:platinean
s:STATE_CORRIENTES,cu:platinean cu:sulista cu:guarani
s:STATE_TUCUMAN,cu:platinean
s:STATE_CHACO,cu:platinean cu:guarani
s:STATE_JUJUY,cu:platinean
s:STATE_SANTA_CRUZ,cu:south_andean cu:guarani cu:quechua
s:STATE_LA_PAZ,cu:south_andean cu:aimara cu:quechua cu:amazonian
s:STATE_POTOSI,cu:south_andean cu:aimara
s:STATE_SANTIAGO,cu:south_andean
s:STATE_LOS_RIOS,cu:south_andean cu:patagonian
s:STATE_ARAUCANIA,cu:patagonian
s:STATE_SOUTH_ATLANTIC_ISLANDS,cu:british
s:STATE_ICELAND,cu:icelandic
s:STATE_GREENLAND,cu:inuit
s:STATE_WEST_SAHARA,cu:bedouin cu:berber cu:bidan
s:STATE_MARRAKECH,cu:maghrebi cu:berber
s:STATE_FEZ,cu:maghrebi cu:berber
s:STATE_AL_RIF,cu:maghrebi cu:berber
s:STATE_INNER_MOROCCO,cu:maghrebi cu:berber
s:STATE_ORAN,cu:maghrebi cu:berber
s:STATE_SAHARA,cu:berber cu:tuareg
s:STATE_EAST_SAHARA,cu:tuareg cu:berber
s:STATE_ALGIERS,cu:maghrebi cu:berber
s:STATE_CONSTANTINE,cu:maghrebi cu:berber
s:STATE_TRIPOLI,cu:maghrebi cu:tuareg cu:bedouin cu:berber
s:STATE_LIBYAN_DESERT,cu:teda cu:tuareg cu:bedouin cu:berber
s:STATE_LIBYA,cu:maghrebi cu:bedouin
s:STATE_UPPER_EGYPT,cu:misri cu:bedouin cu:beja
s:STATE_EGYPTIAN_DESERT,cu:misri cu:bedouin
s:STATE_MIDDLE_EGYPT,cu:misri
s:STATE_MATRUH,cu:misri cu:bedouin cu:berber
s:STATE_SINAI,cu:misri
s:STATE_DONGOLA,cu:bedouin cu:sudanese cu:beja
s:STATE_KORDOFAN,cu:bedouin cu:sudanese cu:dinka cu:nuba
s:STATE_DARFUR,cu:fur cu:dinka
s:STATE_BLUE_NILE,cu:bedouin cu:sudanese cu:dinka cu:nuer
s:STATE_NEW_BRUNSWICK,cu:anglo_canadian cu:franco_canadian
s:STATE_NORTH_ANGOLA,cu:bakongo cu:kavango_bantu
s:STATE_SOUTH_ANGOLA,cu:ovimbundu cu:kavango_bantu
s:STATE_EAST_ANGOLA,cu:ovimbundu cu:lunda cu:kavango_bantu
s:STATE_INDIAN_OCEAN_TERRITORY,
s:STATE_LOURENCO_MARQUES,cu:tonga cu:nguni cu:shona
s:STATE_MOCAMBIQUE,cu:makua cu:sena cu:chewa cu:yao cu:lomwe cu:lacustrine_bantu
s:STATE_ZAMBEZIA,cu:sena cu:shona cu:lacustrine_bantu
s:STATE_EASTERN_CAPE,cu:xhosa cu:khoisan
s:STATE_CAPE_COLONY,cu:boer cu:sotho cu:khoisan
s:STATE_NORTHERN_CAPE,cu:boer cu:sotho cu:khoisan cu:tswana
s:STATE_WALES,cu:british cu:welsh
s:STATE_YORKSHIRE,cu:british
s:STATE_HIGHLANDS,cu:scottish
s:STATE_MIDLANDS,cu:british
s:STATE_EAST_ANGLIA,cu:british
s:STATE_WEST_COUNTRY,cu:british
s:STATE_LOWLANDS,cu:scottish
s:STATE_ULSTER,cu:irish cu:british cu:scottish
s:STATE_MUNSTER,cu:irish
s:STATE_LEINSTER,cu:irish
s:STATE_LANGUEDOC,cu:french cu:occitan
s:STATE_RHONE,cu:french cu:occitan cu:francoprovencal
s:STATE_FRENCH_LOW_COUNTRIES,cu:french cu:flemish
s:STATE_PICARDY,cu:french
s:STATE_ALSACE_LORRAINE,cu:french cu:south_german cu:alemannic
s:STATE_POITOU,cu:french
s:STATE_GUYENNE,cu:french cu:occitan
s:STATE_AUVERGNE_LIMOUSIN,cu:french cu:occitan
s:STATE_BRITTANY,cu:french cu:breton
s:STATE_BURGUNDY,cu:french
s:STATE_CHAMPAGNE,cu:french
s:STATE_FRANCHE_COMTE,cu:french
s:STATE_LORRAINE,cu:french
s:STATE_AQUITAINE,cu:french cu:occitan
s:STATE_MAINE_ANJOU,cu:french
s:STATE_ORLEANS,cu:french
s:STATE_ILE_DE_FRANCE,cu:french
s:STATE_ELBE,cu:north_german
s:STATE_BEIRA,cu:portuguese
s:STATE_ESTREMADURA,cu:portuguese
s:STATE_ALENTEJO,cu:portuguese
s:STATE_MADEIRA,cu:portuguese
s:STATE_CAPE_VERDE,cu:portuguese
s:STATE_AZORES,cu:portuguese
s:STATE_CANARY_ISLANDS,cu:spanish
s:STATE_GRANADA,cu:spanish
s:STATE_BADAJOZ,cu:spanish
s:STATE_VALENCIA,cu:catalan cu:spanish
s:STATE_TOLEDO,cu:spanish
s:STATE_WALLONIA,cu:wallonian
s:STATE_FLANDERS,cu:flemish
s:STATE_FRIESLAND,cu:dutch
s:STATE_GELRE,cu:dutch
s:STATE_JUTLAND,cu:danish
s:STATE_ZEALAND,cu:danish
s:STATE_WESTERN_NORWAY,cu:norwegian
s:STATE_NORTHERN_NORWAY,cu:norwegian cu:sami
s:STATE_EASTERN_NORWAY,cu:norwegian
s:STATE_EAST_SWITZERLAND,cu:alemannic
s:STATE_WEST_SWITZERLAND,cu:alemannic cu:francoprovencal
s:STATE_PUERTO_RICO,cu:caribeno cu:afro_caribeno
s:STATE_BAHAMAS,cu:afro_antillean cu:afro_caribbean
s:STATE_BERMUDA,cu:afro_caribbean
s:STATE_WEST_INDIES,cu:afro_antillean cu:afro_caribbean
s:STATE_JAMAICA,cu:afro_caribbean
s:STATE_ORISSA,cu:oriya
s:STATE_SINDH,cu:sindi
s:STATE_RAJPUTANA,cu:rajput
s:STATE_CIRCARS,cu:telegu
s:STATE_PUNJAB,cu:panjabi
s:STATE_NAGPUR,cu:telegu cu:marathi
s:STATE_MYSORE,cu:kannada
s:STATE_TRAVANCORE,cu:malayalam
s:STATE_MADRAS,cu:tamil cu:kannada
s:STATE_KASHMIR,cu:kashmiri cu:tibetan
s:STATE_HYDERABAD,cu:telegu
s:STATE_GUJARAT,cu:gujarati cu:sindi
s:STATE_CENTRAL_INDIA,cu:marathi cu:avadhi
s:STATE_BOMBAY,cu:marathi cu:kannada
s:STATE_BIHAR,cu:bihari
s:STATE_NORTH_BENGAL,cu:bengali
s:STATE_ASSAM,cu:assamese cu:bengali cu:manipuri
s:STATE_AWADH,cu:kanauji cu:avadhi
s:STATE_DELHI,cu:kanauji cu:avadhi
s:STATE_TENASSERIM,cu:burmese cu:karen cu:thai
s:STATE_KACHIN,cu:burmese cu:kachin cu:shan
s:STATE_SHAN_STATES,cu:kachin cu:shan
s:STATE_BURMA,cu:burmese cu:kachin
s:STATE_PEGU,cu:karen cu:mon cu:burmese
s:STATE_NORTH_SUMATRA,cu:sumatran cu:batak
s:STATE_SOUTH_SUMATRA,cu:sumatran cu:batak
s:STATE_ACEH,cu:sumatran
s:STATE_WESTERN_NEW_GUINEA,cu:melanesian
s:STATE_MOLUCCAS,cu:moluccan
s:STATE_CELEBES,cu:moluccan
s:STATE_WEST_BORNEO,cu:bornean cu:dayak
s:STATE_EAST_BORNEO,cu:bornean cu:dayak
s:STATE_SUNDA_ISLANDS,cu:moluccan cu:balinese
s:STATE_MALAYA,cu:malay
s:STATE_NORTH_BORNEO,cu:bornean cu:dayak
s:STATE_MINDANAO,cu:filipino cu:moro
s:STATE_LUZON,cu:filipino cu:moro
s:STATE_VISAYAS,cu:filipino cu:moro
s:STATE_ATTICA,cu:greek
s:STATE_SKOPIA,cu:greek cu:bulgarian cu:turkish cu:albanian
s:STATE_MACEDONIA,cu:greek cu:turkish
s:STATE_THESSALIA,cu:greek
s:STATE_WESTERN_THRACE,cu:greek cu:turkish cu:bulgarian
s:STATE_NORTHERN_THRACE,cu:turkish cu:bulgarian
s:STATE_BULGARIA,cu:turkish cu:bulgarian
s:STATE_SOUTH_MADAGASCAR,cu:malagasy
s:STATE_NORTH_MADAGASCAR,cu:malagasy
s:STATE_OROMIA,cu:oromo cu:amhara cu:somali cu:kikuyu
s:STATE_AMHARA,cu:oromo cu:amhara cu:sidama cu:kikuyu
s:STATE_GONDER,cu:oromo cu:amhara cu:tigray cu:kikuyu cu:afar
s:STATE_KAZEMBE,cu:lunda cu:chewa cu:lacustrine_bantu
s:STATE_ERITREA,cu:tigray cu:afar
s:STATE_SOMALILAND,cu:somali cu:swahili
s:STATE_NAMAQUALAND,cu:khoisan cu:tswana
s:STATE_HEREROLAND,cu:herero cu:khoisan cu:kavango_bantu
s:STATE_ZAMBEZI,cu:shona cu:nguni cu:lacustrine_bantu
s:STATE_KENYA,cu:somali cu:kikuyu cu:lacustrine_bantu cu:swahili cu:maasai
s:STATE_RIFT_VALLEY,cu:luo cu:nilotic cu:maasai cu:kikuyu
s:STATE_CHAD,cu:teda cu:bedouin cu:fur cu:equatorial_bantu
s:STATE_WADDAI,cu:fur cu:sara cu:baguirmi cu:equatorial_bantu
s:STATE_LINDI,cu:yao cu:makua cu:unyamwezi cu:lacustrine_bantu cu:chewa
s:STATE_ZANZIBAR,cu:lacustrine_bantu cu:swahili cu:sukuma
s:STATE_TANGANYIKA,cu:lacustrine_bantu cu:unyamwezi cu:rundi cu:ruanda cu:sukuma cu:maasai cu:luo
s:STATE_MAURITANIA,cu:bidan cu:haratin
s:STATE_INNER_MAURITANIA,cu:bidan cu:mande cu:haratin cu:bedouin
s:STATE_EASTERN_MALI,cu:bambara cu:fulbe cu:mande cu:senufo
s:STATE_WESTERN_MALI,cu:bambara cu:fulbe cu:mande
s:STATE_TIMBUKTU,cu:tuareg cu:songhai cu:fulbe cu:mande
s:STATE_HAUSALAND,cu:fulbe cu:hausa cu:yoruba cu:equatorial_bantu cu:songhai
s:STATE_BENIN,cu:yoruba cu:tiv cu:ibo cu:edo cu:fulbe
s:STATE_YORUBA_STATES,cu:yoruba cu:fon
s:STATE_NIGER_DELTA,cu:ibo cu:ibibio cu:equatorial_bantu
s:STATE_OUTER_HAUSALAND,cu:hausa cu:kanuri cu:fulbe cu:equatorial_bantu cu:tuareg cu:dyula cu:songhai
s:STATE_NIGER,cu:hausa cu:tuareg cu:fulbe
s:STATE_BORNU,cu:kanuri cu:fulbe
s:STATE_NIGERIA,cu:hausa cu:tiv cu:equatorial_bantu cu:fulbe
s:STATE_EAST_HAUSALAND,cu:hausa cu:fulbe
s:STATE_KATANGA,cu:lunda cu:luba cu:fluvian_bantu
s:STATE_CONGO_ORIENTALE,cu:azande cu:luba cu:fluvian_bantu
s:STATE_KASAI,cu:luba cu:fluvian_bantu
s:STATE_BAS_CONGO,cu:bakongo cu:lunda cu:fluvian_bantu
s:STATE_EQUATEUR,cu:mongo cu:fluvian_bantu
s:STATE_UGANDA,cu:baganda cu:lacustrine_bantu cu:luo
s:STATE_EQUATORIA,cu:nuer cu:azande cu:luo cu:dinka cu:nilotic cu:fur cu:nuba
s:STATE_VOLTA,cu:mossi cu:fulbe cu:bambara cu:mande cu:dyula
s:STATE_NORTH_CAMEROON,cu:fulbe cu:equatorial_bantu
s:STATE_SOUTH_CAMEROON,cu:fang cu:equatorial_bantu
s:STATE_UBANGI_SHARI,cu:azande cu:sara cu:equatorial_bantu
s:STATE_CONGO,cu:bakongo cu:fluvian_bantu
s:STATE_IVORY_COAST,cu:akan cu:senufo cu:dyula
s:STATE_WINDWARD_COAST,cu:kru cu:mande cu:akan cu:dyula
s:STATE_SENEGAL,cu:fulbe cu:wolof cu:mande cu:dyula
s:STATE_GAMBIA,cu:mande cu:akan cu:bambara cu:fulbe cu:wolof
s:STATE_SIERRA_LEONE,cu:mande cu:akan cu:kissi cu:fulbe
s:STATE_ZULULAND,cu:sotho cu:zulu cu:xhosa
s:STATE_VRYSTAAT,cu:boer cu:sotho cu:nguni
s:STATE_TRANSVAAL,cu:boer cu:sotho cu:nguni cu:tswana cu:zulu
s:STATE_EASTERN_NEW_GUINEA,cu:melanesian
s:STATE_SOLOMON_ISLANDS,cu:melanesian
s:STATE_BOUGAINVILLE,cu:melanesian
s:STATE_NAURU,cu:melanesian
s:STATE_FIJI,cu:melanesian
s:STATE_VANUATU,cu:melanesian
s:STATE_KANAK,cu:melanesian
s:STATE_TAHITI,cu:polynesian
s:STATE_TONGA,cu:polynesian
s:STATE_HAIL,cu:bedouin
s:STATE_NEJD,cu:bedouin
s:STATE_TRANSJORDAN,cu:mashriqi cu:bedouin
s:STATE_PALESTINE,cu:mashriqi
s:STATE_LEBANON,cu:mashriqi
s:STATE_SYRIA,cu:mashriqi
s:STATE_ALEPPO,cu:mashriqi cu:turkish cu:kurdish
s:STATE_BAGHDAD,cu:mashriqi cu:bedouin
s:STATE_MOSUL,cu:mashriqi cu:turkish cu:kurdish cu:assyrian
s:STATE_LARISTAN,cu:persian cu:baluchi cu:bedouin
s:STATE_SISTAN,cu:persian cu:baluchi
s:STATE_KHORASAN,cu:persian cu:turkmen cu:kurdish
s:STATE_KHUZESTAN,cu:persian cu:mashriqi
s:STATE_FARS,cu:persian
s:STATE_ISFAHAN,cu:persian
s:STATE_MAZANDARAN,cu:persian cu:turkmen
s:STATE_IRAKAJEMI,cu:persian
s:STATE_TABRIZ,cu:persian cu:kurdish cu:azerbaijani
s:STATE_LURISTAN,cu:persian cu:kurdish
s:STATE_ARMENIA,cu:armenian cu:azerbaijani
s:STATE_AZERBAIJAN,cu:armenian cu:azerbaijani
s:STATE_GREATER_CAUCASUS,cu:georgian
s:STATE_MONTENEGRO,cu:serb cu:albanian
s:STATE_NORTHERN_SERBIA,cu:serb
s:STATE_SOUTHERN_SERBIA,cu:serb cu:turkish cu:albanian
s:STATE_HUDAVENDIGAR,cu:turkish cu:greek
s:STATE_AYDIN,cu:turkish cu:greek
s:STATE_KONYA,cu:turkish
s:STATE_KASTAMONU,cu:turkish
s:STATE_CYPRUS,cu:turkish cu:greek
s:STATE_TRABZON,cu:turkish cu:kurdish cu:armenian cu:greek
s:STATE_ERZURUM,cu:turkish cu:armenian cu:kurdish
s:STATE_KARS,cu:turkish cu:armenian cu:kurdish cu:georgian
s:STATE_CRETE,cu:turkish cu:greek
s:STATE_WEST_AEGEAN_ISLANDS,cu:greek
s:STATE_EAST_AEGEAN_ISLANDS,cu:turkish cu:greek
s:STATE_ANKARA,cu:turkish
s:STATE_WESTERN_AFGHANISTAN,cu:pashtun cu:tajik cu:hazara cu:persian
s:STATE_DIYARBAKIR,cu:turkish cu:armenian cu:kurdish cu:mashriqi cu:assyrian
s:STATE_EASTERN_AFGHANISTAN,cu:pashtun cu:tajik cu:hazara
s:STATE_BANGKOK,cu:thai
s:STATE_TONKIN,cu:vietnamese
s:STATE_ANNAM,cu:vietnamese
s:STATE_LAOS,cu:lao cu:khmu
s:STATE_CHIANG_MAI,cu:thai cu:shan
s:STATE_NAKHON_RATCHASIMA,cu:thai cu:lao
s:STATE_SEOUL,cu:korean
s:STATE_BUSAN,cu:korean
s:STATE_YANGHO,cu:korean
s:STATE_SARIWON,cu:korean
s:STATE_PYONGYANG,cu:korean
s:STATE_SAKHALIN,cu:siberian cu:ainu
s:STATE_HOKKAIDO,cu:japanese cu:ainu
s:STATE_TOHOKU,cu:japanese
s:STATE_KANTO,cu:japanese
s:STATE_CHUBU,cu:japanese
s:STATE_KANSAI,cu:japanese
s:STATE_KYUSHU,cu:japanese
s:STATE_RYUKYU_ISLANDS,cu:japanese
s:STATE_CHUGOKU,cu:japanese
s:STATE_SHIKOKU,cu:japanese
s:STATE_LHASA,cu:tibetan
s:STATE_NGARI,cu:tibetan
s:STATE_HIMALAYAS,cu:tibetan cu:nepali
s:STATE_DZUNGARIA,cu:uighur
s:STATE_TIANSHAN,cu:uighur
s:STATE_SICHUAN,cu:han cu:tibetan cu:yi
s:STATE_YUNNAN,cu:han cu:yi cu:zhuang
s:STATE_GUIZHOU,cu:han cu:yi cu:zhuang
s:STATE_SHAOZHOU,cu:yue cu:han cu:hakka
s:STATE_ALXA,cu:mongol
s:STATE_HINGGAN,cu:mongol
s:STATE_GUANGXI,cu:yue cu:han cu:zhuang
s:STATE_BEIJING,cu:han
s:STATE_SHENGJING,cu:han cu:manchu
s:STATE_OUTER_MANCHURIA,cu:manchu
s:STATE_SOUTHERN_MANCHURIA,cu:manchu
s:STATE_NORTHERN_MANCHURIA,cu:manchu
s:STATE_SHANXI,cu:han
s:STATE_NINGXIA,cu:han
s:STATE_GANSU,cu:han cu:mongol
s:STATE_XIAN,cu:han cu:mongol
s:STATE_QINGHAI,cu:mongol cu:tibetan
s:STATE_CHONGQING,cu:han
s:STATE_GUANGDONG,cu:yue cu:min cu:han cu:miao
s:STATE_FUJIAN,cu:han cu:min cu:hakka
s:STATE_ZHEJIANG,cu:han
s:STATE_NANJING,cu:han
s:STATE_JIANGSU,cu:han
s:STATE_HENAN,cu:han
s:STATE_ZHILI,cu:han
s:STATE_JIANGXI,cu:han cu:hakka
s:STATE_SOUTHERN_ANHUI,cu:han
s:STATE_NORTHERN_ANHUI,cu:han
s:STATE_WESTERN_HUBEI,cu:han
s:STATE_EASTERN_HUBEI,cu:han
s:STATE_HUNAN,cu:han
s:STATE_FORMOSA,cu:han cu:min cu:polynesian
s:STATE_SOUTHERN_FINLAND,cu:finnish cu:swedish
s:STATE_ALAND,cu:swedish
s:STATE_WEST_KARELIA,cu:finnish
s:STATE_OSTROBOTHNIA,cu:finnish cu:sami cu:swedish
s:STATE_ESTONIA,cu:estonian
s:STATE_LATVIA,cu:latvian
s:STATE_LITHUANIA,cu:lithuanian
s:STATE_CHUKOTKA,cu:inuit cu:siberian
s:STATE_NENETSIA,cu:russian cu:ugrian
s:STATE_EAST_KARELIA,cu:russian cu:ugrian cu:finnish
s:STATE_ARKHANGELSK,cu:russian cu:ugrian
s:STATE_TARTARIA,cu:russian cu:tatar
s:STATE_KHIVA,cu:uzbek cu:kazak
s:STATE_UZBEKIA,cu:uzbek cu:kazak
s:STATE_TAJIKISTAN,cu:uzbek cu:tajik
s:STATE_KIRGHIZIA,cu:uzbek cu:kirgiz
s:STATE_URALSK,cu:kazak
s:STATE_TURKMENIA,cu:uzbek cu:turkmen
s:STATE_SEMIRECHE,cu:kazak cu:uighur cu:kirgiz
s:STATE_JETISY,cu:kazak cu:uighur cu:kirgiz
s:STATE_AKMOLINSK,cu:kazak cu:uzbek
s:STATE_KAMCHATKA,cu:siberian
s:STATE_OKHOTSK,cu:yakut
s:STATE_YAKUTSK,cu:russian cu:yakut
s:STATE_TRANS_BAIKAL,cu:russian cu:manchu cu:mongol
s:STATE_IRKUTSK,cu:russian cu:mongol
s:STATE_TOMSK,cu:siberian cu:russian
s:STATE_TUVA,cu:tuvan
s:STATE_TOBOLSK,cu:russian cu:siberian cu:ugrian
s:STATE_UPPER_YENISEYSK,cu:russian cu:siberian cu:ugrian
s:STATE_OB,cu:russian cu:ugrian
s:STATE_URAL,cu:russian cu:ugrian
s:STATE_SAMARA,cu:russian cu:tatar
s:STATE_KAZAN,cu:russian cu:tatar
s:STATE_PERM,cu:russian cu:ugrian
s:STATE_GALICH,cu:russian
s:STATE_TVER,cu:russian
s:STATE_MOSCOW,cu:russian
s:STATE_DAGESTAN,cu:north_caucasian
s:STATE_KUBAN,cu:russian cu:ukrainian cu:circassian cu:north_caucasian
s:STATE_ASTRAKHAN,cu:kalmyk cu:russian
s:STATE_CRIMEA,cu:russian cu:tatar cu:ukrainian
s:STATE_LUHANSK,cu:ukrainian cu:russian
s:STATE_KURSK,cu:ukrainian cu:russian
s:STATE_NOVGOROD,cu:russian
s:STATE_CHERSON,cu:ukrainian
s:STATE_BESSARABIA,cu:romanian cu:ukrainian
s:STATE_BRYANSK,cu:russian
s:STATE_SMOLENSK,cu:russian
s:STATE_ORSHA,cu:byelorussian cu:russian
s:STATE_CAMPANIA,cu:south_italian
s:STATE_ABRUZZO,cu:south_italian
s:STATE_CALABRIA,cu:south_italian
s:STATE_APULIA,cu:south_italian
s:STATE_WEST_GALICIA,cu:polish
s:STATE_EAST_GALICIA,cu:polish cu:ukrainian
s:STATE_WEST_SLOVAKIA,cu:slovak cu:hungarian
s:STATE_EAST_SLOVAKIA,cu:slovak cu:hungarian
s:STATE_DALMATIA,cu:croat cu:serb
s:STATE_CROATIA,cu:croat cu:serb
s:STATE_SLAVONIA,cu:croat cu:serb
s:STATE_BEKES,cu:hungarian cu:romanian
s:STATE_TRANSDANUBIA,cu:hungarian cu:south_german
s:STATE_ISTRIA,cu:croat cu:slovene cu:north_italian
s:STATE_LOMBARDY,cu:north_italian
s:STATE_BOHEMIA,cu:czech cu:south_german
s:STATE_MORAVIA,cu:czech cu:south_german
s:STATE_CENTRAL_HUNGARY,cu:hungarian
s:STATE_STYRIA,cu:south_german
s:STATE_TYROL,cu:south_german
s:STATE_AUSTRIA,cu:south_german
s:STATE_SOUTH_TYROL,cu:south_german cu:north_italian
s:STATE_SLOVENIA,cu:south_german cu:slovene
s:STATE_DELVIDEK,cu:hungarian cu:serb
s:STATE_POSEN,cu:north_german cu:polish
s:STATE_WESTPHALIA,cu:north_german
s:STATE_ANHALT,cu:north_german
s:STATE_WEST_PRUSSIA,cu:north_german cu:polish
s:STATE_EAST_PRUSSIA,cu:north_german cu:polish cu:lithuanian
s:STATE_RHINELAND,cu:north_german
s:STATE_NORTH_RHINE,cu:north_german
s:STATE_RUHR,cu:north_german
s:STATE_SILESIA,cu:north_german cu:polish
s:STATE_BRANDENBURG,cu:north_german
s:STATE_SCHLESWIG_HOLSTEIN,cu:danish cu:north_german
s:STATE_WURTTEMBERG,cu:south_german cu:alemannic
s:STATE_BADEN,cu:south_german cu:alemannic
s:STATE_HANNOVER,cu:north_german
s:STATE_BAVARIA,cu:south_german
s:STATE_FRANCONIA,cu:south_german
s:STATE_SAXONY,cu:north_german cu:sorb
s:STATE_BRUNSWICK,cu:north_german
s:STATE_HESSE,cu:north_german
s:STATE_PIEDMONT,cu:north_italian
s:STATE_SARDINIA,cu:south_italian
s:STATE_TARAPACA,cu:south_andean cu:aimara
s:STATE_ANTOFAGASTA,cu:south_andean cu:aimara
s:STATE_BREST,cu:byelorussian cu:russian
s:STATE_GREATER_POLAND,cu:polish
s:STATE_LESSER_POLAND,cu:polish
s:STATE_MAZOVIA,cu:polish
s:STATE_VOLHYNIA,cu:ukrainian
s:STATE_KIEV,cu:ukrainian
s:STATE_MECKLENBURG,cu:north_german
s:STATE_MALTA,cu:maltese
s:STATE_UMBRIA,cu:south_italian
s:STATE_BANAT,cu:hungarian cu:romanian cu:serb
s:STATE_CORSICA,cu:corsican
s:STATE_PASHTUNISTAN,cu:pashtun
s:STATE_UTAH,cu:yankee cu:paiute
s:STATE_SOUTH_CAROLINA,cu:dixie cu:afro_american
s:STATE_CHIAPAS,cu:mexican cu:mayan
s:STATE_SAN_SALVADOR,cu:central_american
s:STATE_ADANA,cu:turkish cu:armenian cu:kurdish
s:STATE_DEIR_EZ_ZOR,cu:mashriqi cu:kurdish cu:assyrian
s:STATE_BAJA_CALIFORNIA,cu:mexican cu:oodham
s:STATE_CONNAUGHT,cu:irish
